timestamp,product_name,url_rakuten,image_location
0.125125,Slacks_notch_slim_men_washable_straight_business_shadow_stripe,http://global.rakuten.com/en/store/otoku-shop/item/r-azsl-18/,http://thumbnail.image.rakuten.co.jp/@0_mall/otoku-shop/cabinet/bottoms/imgrc0065352844.jpg?_ex=330x330
6.131125,JAJABOON_Crown_beret_Cap_Red,http://global.rakuten.com/en/store/jajaboon/item/40016/,http://thumbnail.image.rakuten.co.jp/@0_mall/jajaboon/cabinet/roma/200734011.jpg?_ex=330x330
10.552208,Gold_Unisex_Rectangle_Reading_Glasses,http://www.rakuten.com/prod/247342925.html,http://img1.r10.io/PIC/39823437/0/1/450/39823437.jpg
10.635625,Marin_Kazi_loose_silhouette_Dolman_sleeve_knit,http://global.rakuten.com/en/store/koeistore/item/y404/,http://thumbnail.image.rakuten.co.jp/@0_mall/koeistore/cabinet/y10/y404.jpg?_ex=330x330
13.722042,Marin_Kazi_loose_silhouette_Dolman_sleeve_knit,http://global.rakuten.com/en/store/koeistore/item/y404/,http://thumbnail.image.rakuten.co.jp/@0_mall/koeistore/cabinet/y10/y404.jpg?_ex=330x330
14.514500,DIVINER_real_far_embroidery_wool_Melton_coat_peacoat,http://global.rakuten.com/en/store/ever-green/item/10318/,http://thumbnail.image.rakuten.co.jp/@0_mall/ever-green/cabinet/145/14540_01.jpg?_ex=330x330
18.935583,Berets_fall_winter_and_fluffy_Angola,http://global.rakuten.com/en/store/auc-elehelm-hatstore/item/af-10808-023/?s-id=borderless_browsehist_en,http://thumbnail.image.rakuten.co.jp/@0_mall/auc-elehelm-hatstore/cabinet/item/38/af-10808-023_3.jpg?_ex=50x50
20.353667,Tasmania_Wool_Super120,http://global.rakuten.com/en/store/suits/item/36123-15/,http://thumbnail.image.rakuten.co.jp/@0_mall/suits/cabinet/04172160/04275444/imgrc0066196879.gif?_ex=330x330
22.439083,Army_beret_Hat_wool,http://global.rakuten.com/en/store/auc-elehelm-hatstore/item/wu400-065/?s-id=borderless_browsehist_en,http://thumbnail.image.rakuten.co.jp/@0_mall/auc-elehelm-hatstore/cabinet/md/wu400-065_m2.jpg?_ex=330x330
24.065708,Marin_Kazi_loose_silhouette_Dolman_sleeve_knit,http://global.rakuten.com/en/store/koeistore/item/y404/,http://thumbnail.image.rakuten.co.jp/@0_mall/koeistore/cabinet/y10/y404.jpg?_ex=330x330
25.775750,Army_beret_Hat_wool,http://global.rakuten.com/en/store/auc-elehelm-hatstore/item/wu400-065/?s-id=borderless_browsehist_en,http://thumbnail.image.rakuten.co.jp/@0_mall/auc-elehelm-hatstore/cabinet/md/wu400-065_m2.jpg?_ex=330x330
28.236542,Marin_Kazi_loose_silhouette_Dolman_sleeve_knit,http://global.rakuten.com/en/store/koeistore/item/y404/,http://thumbnail.image.rakuten.co.jp/@0_mall/koeistore/cabinet/y10/y404.jpg?_ex=330x330
29.404375,DIVINER_real_far_embroidery_wool_Melton_coat_peacoat,http://global.rakuten.com/en/store/ever-green/item/10318/,http://thumbnail.image.rakuten.co.jp/@0_mall/ever-green/cabinet/145/14540_01.jpg?_ex=330x330
30.530500,DIVINER_real_far_embroidery_wool_Melton_coat_peacoat,http://global.rakuten.com/en/store/ever-green/item/10318/,http://thumbnail.image.rakuten.co.jp/@0_mall/ever-green/cabinet/145/14540_01.jpg?_ex=330x330
33.575208,Tasmania_Wool_Super120,http://global.rakuten.com/en/store/suits/item/36123-15/,http://thumbnail.image.rakuten.co.jp/@0_mall/suits/cabinet/04172160/04275444/imgrc0066196879.gif?_ex=330x330
35.243542,DIVINER_real_far_embroidery_wool_Melton_coat_peacoat,http://global.rakuten.com/en/store/ever-green/item/10318/,http://thumbnail.image.rakuten.co.jp/@0_mall/ever-green/cabinet/145/14540_01.jpg?_ex=330x330
38.747042,DIVINER_real_far_embroidery_wool_Melton_coat_peacoat,http://global.rakuten.com/en/store/ever-green/item/10318/,http://thumbnail.image.rakuten.co.jp/@0_mall/ever-green/cabinet/145/14540_01.jpg?_ex=330x330
39.956583,Tasmania_Wool_Super120,http://global.rakuten.com/en/store/suits/item/36123-15/,http://thumbnail.image.rakuten.co.jp/@0_mall/suits/cabinet/04172160/04275444/imgrc0066196879.gif?_ex=330x330
41.291250,Tasmania_Wool_Super120,http://global.rakuten.com/en/store/suits/item/36123-15/,http://thumbnail.image.rakuten.co.jp/@0_mall/suits/cabinet/04172160/04275444/imgrc0066196879.gif?_ex=330x330
43.043000,Tasmania_Wool_Super120,http://global.rakuten.com/en/store/suits/item/36123-15/,http://thumbnail.image.rakuten.co.jp/@0_mall/suits/cabinet/04172160/04275444/imgrc0066196879.gif?_ex=330x330
44.044000,Tasmania_Wool_Super120,http://global.rakuten.com/en/store/suits/item/36123-15/,http://thumbnail.image.rakuten.co.jp/@0_mall/suits/cabinet/04172160/04275444/imgrc0066196879.gif?_ex=330x330
44.753042,DIVINER_real_far_embroidery_wool_Melton_coat_peacoat,http://global.rakuten.com/en/store/ever-green/item/10318/,http://thumbnail.image.rakuten.co.jp/@0_mall/ever-green/cabinet/145/14540_01.jpg?_ex=330x330
46.588208,DIVINER_real_far_embroidery_wool_Melton_coat_peacoat,http://global.rakuten.com/en/store/ever-green/item/10318/,http://thumbnail.image.rakuten.co.jp/@0_mall/ever-green/cabinet/145/14540_01.jpg?_ex=330x330
47.505792,Tasmania_Wool_Super120,http://global.rakuten.com/en/store/suits/item/36123-15/,http://thumbnail.image.rakuten.co.jp/@0_mall/suits/cabinet/04172160/04275444/imgrc0066196879.gif?_ex=330x330
49.132417,DIVINER_real_far_embroidery_wool_Melton_coat_peacoat,http://global.rakuten.com/en/store/ever-green/item/10318/,http://thumbnail.image.rakuten.co.jp/@0_mall/ever-green/cabinet/145/14540_01.jpg?_ex=330x330
50.759042,Tasmania_Wool_Super120,http://global.rakuten.com/en/store/suits/item/36123-15/,http://thumbnail.image.rakuten.co.jp/@0_mall/suits/cabinet/04172160/04275444/imgrc0066196879.gif?_ex=330x330
52.427375,United_Kingdom_lightweight_silk_blend_jacket_Blazer,http://global.rakuten.com/en/store/kodawari-studio/item/s5428-ed3hor/,http://thumbnail.image.rakuten.co.jp/@0_gold/kodawari-studio/jacket-ss/s5428-ed1_1.jpg?_ex=330x330
53.887167,United_Kingdom_lightweight_silk_blend_jacket_Blazer,http://global.rakuten.com/en/store/kodawari-studio/item/s5428-ed3hor/,http://thumbnail.image.rakuten.co.jp/@0_gold/kodawari-studio/jacket-ss/s5428-ed1_1.jpg?_ex=330x330
57.557500,JAJABOON_Crown_beret_Cap_Red,http://global.rakuten.com/en/store/jajaboon/item/40016/,http://thumbnail.image.rakuten.co.jp/@0_mall/jajaboon/cabinet/roma/200734011.jpg?_ex=330x330
58.058000,Tasmania_Wool_Super120,http://global.rakuten.com/en/store/suits/item/36123-15/,http://thumbnail.image.rakuten.co.jp/@0_mall/suits/cabinet/04172160/04275444/imgrc0066196879.gif?_ex=330x330
61.686625,DIVINER_real_far_embroidery_wool_Melton_coat_peacoat,http://global.rakuten.com/en/store/ever-green/item/10318/,http://thumbnail.image.rakuten.co.jp/@0_mall/ever-green/cabinet/145/14540_01.jpg?_ex=330x330
63.271542,Gold_Unisex_Rectangle_Reading_Glasses,http://www.rakuten.com/prod/247342925.html,http://img1.r10.io/PIC/39823437/0/1/450/39823437.jpg
63.396667,JAJABOON_Crown_beret_Cap_Red,http://global.rakuten.com/en/store/jajaboon/item/40016/,http://thumbnail.image.rakuten.co.jp/@0_mall/jajaboon/cabinet/roma/200734011.jpg?_ex=330x330
67.567500, , , 
80.080000,DIVINER_real_far_embroidery_wool_Melton_coat_peacoat,http://global.rakuten.com/en/store/ever-green/item/10318/,http://thumbnail.image.rakuten.co.jp/@0_mall/ever-green/cabinet/145/14540_01.jpg?_ex=330x330
83.666917,Inc_International_Concepts_New_Brown_Fax-Fur_Leopard_Jacket,http://www.rakuten.com/prod/297311462.html,http://img1.r10.io/PIC/109144353/0/1/450/109144353.jpg
89.631208,Tasmania_Wool_Super120,http://global.rakuten.com/en/store/suits/item/36123-15/,http://thumbnail.image.rakuten.co.jp/@0_mall/suits/cabinet/04172160/04275444/imgrc0066196879.gif?_ex=330x330
95.970875,Army_beret_Hat_wool,http://global.rakuten.com/en/store/auc-elehelm-hatstore/item/wu400-065/?s-id=borderless_browsehist_en,http://thumbnail.image.rakuten.co.jp/@0_mall/auc-elehelm-hatstore/cabinet/md/wu400-065_m2.jpg?_ex=330x330
103.478375,Tasmania_Wool_Super120,http://global.rakuten.com/en/store/suits/item/36123-15/,http://thumbnail.image.rakuten.co.jp/@0_mall/suits/cabinet/04172160/04275444/imgrc0066196879.gif?_ex=330x330
106.815042,Army_beret_Hat_wool,http://global.rakuten.com/en/store/auc-elehelm-hatstore/item/wu400-065/?s-id=borderless_browsehist_en,http://thumbnail.image.rakuten.co.jp/@0_mall/auc-elehelm-hatstore/cabinet/md/wu400-065_m2.jpg?_ex=330x330
109.609500,DIVINER_real_far_embroidery_wool_Melton_coat_peacoat,http://global.rakuten.com/en/store/ever-green/item/10318/,http://thumbnail.image.rakuten.co.jp/@0_mall/ever-green/cabinet/145/14540_01.jpg?_ex=330x330
116.199417,Army_beret_Hat_wool,http://global.rakuten.com/en/store/auc-elehelm-hatstore/item/wu400-065/?s-id=borderless_browsehist_en,http://thumbnail.image.rakuten.co.jp/@0_mall/auc-elehelm-hatstore/cabinet/md/wu400-065_m2.jpg?_ex=330x330
117.408958,Tasmania_Wool_Super120,http://global.rakuten.com/en/store/suits/item/36123-15/,http://thumbnail.image.rakuten.co.jp/@0_mall/suits/cabinet/04172160/04275444/imgrc0066196879.gif?_ex=330x330
120.870750,JAJABOON_Crown_beret_Cap_Red,http://global.rakuten.com/en/store/jajaboon/item/40016/,http://thumbnail.image.rakuten.co.jp/@0_mall/jajaboon/cabinet/roma/200734011.jpg?_ex=330x330
123.206417,Tasmania_Wool_Super120,http://global.rakuten.com/en/store/suits/item/36123-15/,http://thumbnail.image.rakuten.co.jp/@0_mall/suits/cabinet/04172160/04275444/imgrc0066196879.gif?_ex=330x330
128.086292,Mens_Sleek_Vented_Leather_Jacket,http://www.rakuten.com/prod/287706138.html,http://img1.r10.io/PIC/98027778/0/1/450/98027778.jpg
132.215417, , , 
136.219417,United_Kingdom_lightweight_silk_blend_jacket_Blazer,http://global.rakuten.com/en/store/kodawari-studio/item/s5428-ed3hor/,http://thumbnail.image.rakuten.co.jp/@0_gold/kodawari-studio/jacket-ss/s5428-ed1_1.jpg?_ex=330x330
139.389250,Blazers,http://global.rakuten.com/en/store/fukusumi/item/british-jacket01/,http://thumbnail.image.rakuten.co.jp/@0_mall/fukusumi/cabinet/fukusumi/fukusumi2/asdfaefaefeafa.jpg?_ex=330x330
145.103292,Tasmania_Wool_Super120,http://global.rakuten.com/en/store/suits/item/36123-15/,http://thumbnail.image.rakuten.co.jp/@0_mall/suits/cabinet/04172160/04275444/imgrc0066196879.gif?_ex=330x330
156.447958,Tasmania_Wool_Super120,http://global.rakuten.com/en/store/suits/item/36123-15/,http://thumbnail.image.rakuten.co.jp/@0_mall/suits/cabinet/04172160/04275444/imgrc0066196879.gif?_ex=330x330
160.118292,Army_beret_Hat_wool,http://global.rakuten.com/en/store/auc-elehelm-hatstore/item/wu400-065/?s-id=borderless_browsehist_en,http://thumbnail.image.rakuten.co.jp/@0_mall/auc-elehelm-hatstore/cabinet/md/wu400-065_m2.jpg?_ex=330x330
163.663500,Tasmania_Wool_Super120,http://global.rakuten.com/en/store/suits/item/36123-15/,http://thumbnail.image.rakuten.co.jp/@0_mall/suits/cabinet/04172160/04275444/imgrc0066196879.gif?_ex=330x330
167.250417,DIVINER_real_far_embroidery_wool_Melton_coat_peacoat,http://global.rakuten.com/en/store/ever-green/item/10318/,http://thumbnail.image.rakuten.co.jp/@0_mall/ever-green/cabinet/145/14540_01.jpg?_ex=330x330
170.378542,Army_beret_Hat_wool,http://global.rakuten.com/en/store/auc-elehelm-hatstore/item/wu400-065/?s-id=borderless_browsehist_en,http://thumbnail.image.rakuten.co.jp/@0_mall/auc-elehelm-hatstore/cabinet/md/wu400-065_m2.jpg?_ex=330x330
175.508667,Tasmania_Wool_Super120,http://global.rakuten.com/en/store/suits/item/36123-15/,http://thumbnail.image.rakuten.co.jp/@0_mall/suits/cabinet/04172160/04275444/imgrc0066196879.gif?_ex=330x330
177.844333,Army_beret_Hat_wool,http://global.rakuten.com/en/store/auc-elehelm-hatstore/item/wu400-065/?s-id=borderless_browsehist_en,http://thumbnail.image.rakuten.co.jp/@0_mall/auc-elehelm-hatstore/cabinet/md/wu400-065_m2.jpg?_ex=330x330
180.555375,DIVINER_real_far_embroidery_wool_Melton_coat_peacoat,http://global.rakuten.com/en/store/ever-green/item/10318/,http://thumbnail.image.rakuten.co.jp/@0_mall/ever-green/cabinet/145/14540_01.jpg?_ex=330x330
182.473958,Army_beret_Hat_wool,http://global.rakuten.com/en/store/auc-elehelm-hatstore/item/wu400-065/?s-id=borderless_browsehist_en,http://thumbnail.image.rakuten.co.jp/@0_mall/auc-elehelm-hatstore/cabinet/md/wu400-065_m2.jpg?_ex=330x330
187.228708,DIVINER_real_far_embroidery_wool_Melton_coat_peacoat,http://global.rakuten.com/en/store/ever-green/item/10318/,http://thumbnail.image.rakuten.co.jp/@0_mall/ever-green/cabinet/145/14540_01.jpg?_ex=330x330
192.108583,DIVINER_real_far_embroidery_wool_Melton_coat_peacoat,http://global.rakuten.com/en/store/ever-green/item/10318/,http://thumbnail.image.rakuten.co.jp/@0_mall/ever-green/cabinet/145/14540_01.jpg?_ex=330x330
194.068875,Army_beret_Hat_wool,http://global.rakuten.com/en/store/auc-elehelm-hatstore/item/wu400-065/?s-id=borderless_browsehist_en,http://thumbnail.image.rakuten.co.jp/@0_mall/auc-elehelm-hatstore/cabinet/md/wu400-065_m2.jpg?_ex=330x330
195.528667,Army_beret_Hat_wool,http://global.rakuten.com/en/store/auc-elehelm-hatstore/item/wu400-065/?s-id=borderless_browsehist_en,http://thumbnail.image.rakuten.co.jp/@0_mall/auc-elehelm-hatstore/cabinet/md/wu400-065_m2.jpg?_ex=330x330
199.073875,RJ-16_order_suit,http://global.rakuten.com/en/store/dolcelaby/item/dl48aw_13_rj16/,http://thumbnail.image.rakuten.co.jp/@0_mall/dolcelaby/cabinet/dl-suit/dl48aw_rj16_pic1.jpg?_ex=330x330
204.329125,Tasmania_Wool_Super120,http://global.rakuten.com/en/store/suits/item/36123-15/,http://thumbnail.image.rakuten.co.jp/@0_mall/suits/cabinet/04172160/04275444/imgrc0066196879.gif?_ex=330x330
206.664792,Skinny_jeans_Vintage_Selvage_US_Cotton_Denim_JB0201,http://global.rakuten.com/en/store/earthmarket/item/jb0201/,http://thumbnail.image.rakuten.co.jp/@0_mall/earthmarket/cabinet/00326680/2013/0201-top.jpg?_ex=330x330
211.044167,DIVINER_real_far_embroidery_wool_Melton_coat_peacoat,http://global.rakuten.com/en/store/ever-green/item/10318/,http://thumbnail.image.rakuten.co.jp/@0_mall/ever-green/cabinet/145/14540_01.jpg?_ex=330x330
219.010458,DIVINER_real_far_embroidery_wool_Melton_coat_peacoat,http://global.rakuten.com/en/store/ever-green/item/10318/,http://thumbnail.image.rakuten.co.jp/@0_mall/ever-green/cabinet/145/14540_01.jpg?_ex=330x330
222.096875,Tasmania_Wool_Super120,http://global.rakuten.com/en/store/suits/item/36123-15/,http://thumbnail.image.rakuten.co.jp/@0_mall/suits/cabinet/04172160/04275444/imgrc0066196879.gif?_ex=330x330
226.726500,DIVINER_real_far_embroidery_wool_Melton_coat_peacoat,http://global.rakuten.com/en/store/ever-green/item/10318/,http://thumbnail.image.rakuten.co.jp/@0_mall/ever-green/cabinet/145/14540_01.jpg?_ex=330x330
228.519958,DIVINER_real_far_embroidery_wool_Melton_coat_peacoat,http://global.rakuten.com/en/store/ever-green/item/10318/,http://thumbnail.image.rakuten.co.jp/@0_mall/ever-green/cabinet/145/14540_01.jpg?_ex=330x330
235.109875,DIVINER_real_far_embroidery_wool_Melton_coat_peacoat,http://global.rakuten.com/en/store/ever-green/item/10318/,http://thumbnail.image.rakuten.co.jp/@0_mall/ever-green/cabinet/145/14540_01.jpg?_ex=330x330
235.735500,RJ-16_order_suit,http://global.rakuten.com/en/store/dolcelaby/item/dl48aw_13_rj16/,http://thumbnail.image.rakuten.co.jp/@0_mall/dolcelaby/cabinet/dl-suit/dl48aw_rj16_pic1.jpg?_ex=330x330
236.236000,DIVINER_real_far_embroidery_wool_Melton_coat_peacoat,http://global.rakuten.com/en/store/ever-green/item/10318/,http://thumbnail.image.rakuten.co.jp/@0_mall/ever-green/cabinet/145/14540_01.jpg?_ex=330x330
238.321417,DIVINER_real_far_embroidery_wool_Melton_coat_peacoat,http://global.rakuten.com/en/store/ever-green/item/10318/,http://thumbnail.image.rakuten.co.jp/@0_mall/ever-green/cabinet/145/14540_01.jpg?_ex=330x330
241.866625,DIVINER_real_far_embroidery_wool_Melton_coat_peacoat,http://global.rakuten.com/en/store/ever-green/item/10318/,http://thumbnail.image.rakuten.co.jp/@0_mall/ever-green/cabinet/145/14540_01.jpg?_ex=330x330
246.454542,Tasmania_Wool_Super120,http://global.rakuten.com/en/store/suits/item/36123-15/,http://thumbnail.image.rakuten.co.jp/@0_mall/suits/cabinet/04172160/04275444/imgrc0066196879.gif?_ex=330x330
249.374125,DIVINER_real_far_embroidery_wool_Melton_coat_peacoat,http://global.rakuten.com/en/store/ever-green/item/10318/,http://thumbnail.image.rakuten.co.jp/@0_mall/ever-green/cabinet/145/14540_01.jpg?_ex=330x330
252.794208,Tasmania_Wool_Super120,http://global.rakuten.com/en/store/suits/item/36123-15/,http://thumbnail.image.rakuten.co.jp/@0_mall/suits/cabinet/04172160/04275444/imgrc0066196879.gif?_ex=330x330
255.380125,Army_beret_Hat_wool,http://global.rakuten.com/en/store/auc-elehelm-hatstore/item/wu400-065/?s-id=borderless_browsehist_en,http://thumbnail.image.rakuten.co.jp/@0_mall/auc-elehelm-hatstore/cabinet/md/wu400-065_m2.jpg?_ex=330x330
263.554958,Tasmania_Wool_Super120,http://global.rakuten.com/en/store/suits/item/36123-15/,http://thumbnail.image.rakuten.co.jp/@0_mall/suits/cabinet/04172160/04275444/imgrc0066196879.gif?_ex=330x330
268.559958,DIVINER_real_far_embroidery_wool_Melton_coat_peacoat,http://global.rakuten.com/en/store/ever-green/item/10318/,http://thumbnail.image.rakuten.co.jp/@0_mall/ever-green/cabinet/145/14540_01.jpg?_ex=330x330
270.478542,DIVINER_real_far_embroidery_wool_Melton_coat_peacoat,http://global.rakuten.com/en/store/ever-green/item/10318/,http://thumbnail.image.rakuten.co.jp/@0_mall/ever-green/cabinet/145/14540_01.jpg?_ex=330x330
273.147875,Tasmania_Wool_Super120,http://global.rakuten.com/en/store/suits/item/36123-15/,http://thumbnail.image.rakuten.co.jp/@0_mall/suits/cabinet/04172160/04275444/imgrc0066196879.gif?_ex=330x330
275.692083,Marin_Kazi_loose_silhouette_Dolman_sleeve_knit,http://global.rakuten.com/en/store/koeistore/item/y404/,http://thumbnail.image.rakuten.co.jp/@0_mall/koeistore/cabinet/y10/y404.jpg?_ex=330x330
279.237292,Tasmania_Wool_Super120,http://global.rakuten.com/en/store/suits/item/36123-15/,http://thumbnail.image.rakuten.co.jp/@0_mall/suits/cabinet/04172160/04275444/imgrc0066196879.gif?_ex=330x330
281.864917,DIVINER_real_far_embroidery_wool_Melton_coat_peacoat,http://global.rakuten.com/en/store/ever-green/item/10318/,http://thumbnail.image.rakuten.co.jp/@0_mall/ever-green/cabinet/145/14540_01.jpg?_ex=330x330
288.496542,Tasmania_Wool_Super120,http://global.rakuten.com/en/store/suits/item/36123-15/,http://thumbnail.image.rakuten.co.jp/@0_mall/suits/cabinet/04172160/04275444/imgrc0066196879.gif?_ex=330x330
294.252292,DIVINER_real_far_embroidery_wool_Melton_coat_peacoat,http://global.rakuten.com/en/store/ever-green/item/10318/,http://thumbnail.image.rakuten.co.jp/@0_mall/ever-green/cabinet/145/14540_01.jpg?_ex=330x330
296.546250,DIVINER_real_far_embroidery_wool_Melton_coat_peacoat,http://global.rakuten.com/en/store/ever-green/item/10318/,http://thumbnail.image.rakuten.co.jp/@0_mall/ever-green/cabinet/145/14540_01.jpg?_ex=330x330
299.257292,Tasmania_Wool_Super120,http://global.rakuten.com/en/store/suits/item/36123-15/,http://thumbnail.image.rakuten.co.jp/@0_mall/suits/cabinet/04172160/04275444/imgrc0066196879.gif?_ex=330x330
301.092458,DIVINER_real_far_embroidery_wool_Melton_coat_peacoat,http://global.rakuten.com/en/store/ever-green/item/10318/,http://thumbnail.image.rakuten.co.jp/@0_mall/ever-green/cabinet/145/14540_01.jpg?_ex=330x330
303.052750,Tasmania_Wool_Super120,http://global.rakuten.com/en/store/suits/item/36123-15/,http://thumbnail.image.rakuten.co.jp/@0_mall/suits/cabinet/04172160/04275444/imgrc0066196879.gif?_ex=330x330
304.095458,DIVINER_real_far_embroidery_wool_Melton_coat_peacoat,http://global.rakuten.com/en/store/ever-green/item/10318/,http://thumbnail.image.rakuten.co.jp/@0_mall/ever-green/cabinet/145/14540_01.jpg?_ex=330x330
307.515542,Skinny_jeans_Vintage_Selvage_US_Cotton_Denim_JB0201,http://global.rakuten.com/en/store/earthmarket/item/jb0201/,http://thumbnail.image.rakuten.co.jp/@0_mall/earthmarket/cabinet/00326680/2013/0201-top.jpg?_ex=330x330
309.684375,DIVINER_real_far_embroidery_wool_Melton_coat_peacoat,http://global.rakuten.com/en/store/ever-green/item/10318/,http://thumbnail.image.rakuten.co.jp/@0_mall/ever-green/cabinet/145/14540_01.jpg?_ex=330x330
311.936625,Marin_Kazi_loose_silhouette_Dolman_sleeve_knit,http://global.rakuten.com/en/store/koeistore/item/y404/,http://thumbnail.image.rakuten.co.jp/@0_mall/koeistore/cabinet/y10/y404.jpg?_ex=330x330
313.313000,Tasmania_Wool_Super120,http://global.rakuten.com/en/store/suits/item/36123-15/,http://thumbnail.image.rakuten.co.jp/@0_mall/suits/cabinet/04172160/04275444/imgrc0066196879.gif?_ex=330x330
314.772792,Tasmania_Wool_Super120,http://global.rakuten.com/en/store/suits/item/36123-15/,http://thumbnail.image.rakuten.co.jp/@0_mall/suits/cabinet/04172160/04275444/imgrc0066196879.gif?_ex=330x330
317.317000,Marin_Kazi_loose_silhouette_Dolman_sleeve_knit,http://global.rakuten.com/en/store/koeistore/item/y404/,http://thumbnail.image.rakuten.co.jp/@0_mall/koeistore/cabinet/y10/y404.jpg?_ex=330x330
323.489833,Tasmania_Wool_Super120,http://global.rakuten.com/en/store/suits/item/36123-15/,http://thumbnail.image.rakuten.co.jp/@0_mall/suits/cabinet/04172160/04275444/imgrc0066196879.gif?_ex=330x330
330.413417,Unisex_Chef_Coat_White,http://www.rakuten.com/prod/275310765.html,http://img1.r10.io/PIC/83455009/0/1/450/83455009.jpg
333.666667,DIVINER_real_far_embroidery_wool_Melton_coat_peacoat,http://global.rakuten.com/en/store/ever-green/item/10318/,http://thumbnail.image.rakuten.co.jp/@0_mall/ever-green/cabinet/145/14540_01.jpg?_ex=330x330
340.590250,Tasmania_Wool_Super120,http://global.rakuten.com/en/store/suits/item/36123-15/,http://thumbnail.image.rakuten.co.jp/@0_mall/suits/cabinet/04172160/04275444/imgrc0066196879.gif?_ex=330x330
342.800792,Tasmania_Wool_Super120,http://global.rakuten.com/en/store/suits/item/36123-15/,http://thumbnail.image.rakuten.co.jp/@0_mall/suits/cabinet/04172160/04275444/imgrc0066196879.gif?_ex=330x330
346.763083,Army_beret_Hat_wool,http://global.rakuten.com/en/store/auc-elehelm-hatstore/item/wu400-065/?s-id=borderless_browsehist_en,http://thumbnail.image.rakuten.co.jp/@0_mall/auc-elehelm-hatstore/cabinet/md/wu400-065_m2.jpg?_ex=330x330
350.975625,Tasmania_Wool_Super120,http://global.rakuten.com/en/store/suits/item/36123-15/,http://thumbnail.image.rakuten.co.jp/@0_mall/suits/cabinet/04172160/04275444/imgrc0066196879.gif?_ex=330x330
354.687667,United_Kingdom_lightweight_silk_blend_jacket_Blazer,http://global.rakuten.com/en/store/kodawari-studio/item/s5428-ed3hor/,http://thumbnail.image.rakuten.co.jp/@0_gold/kodawari-studio/jacket-ss/s5428-ed1_1.jpg?_ex=330x330
356.814792,Unisex_Chef_Coat_White,http://www.rakuten.com/prod/275310765.html,http://img1.r10.io/PIC/83455009/0/1/450/83455009.jpg
358.775083,JAJABOON_Crown_beret_Cap_Red,http://global.rakuten.com/en/store/jajaboon/item/40016/,http://thumbnail.image.rakuten.co.jp/@0_mall/jajaboon/cabinet/roma/200734011.jpg?_ex=330x330
363.905208,Army_beret_Hat_wool,http://global.rakuten.com/en/store/auc-elehelm-hatstore/item/wu400-065/?s-id=borderless_browsehist_en,http://thumbnail.image.rakuten.co.jp/@0_mall/auc-elehelm-hatstore/cabinet/md/wu400-065_m2.jpg?_ex=330x330
367.825792,United_Kingdom_lightweight_silk_blend_jacket_Blazer,http://global.rakuten.com/en/store/kodawari-studio/item/s5428-ed3hor/,http://thumbnail.image.rakuten.co.jp/@0_gold/kodawari-studio/jacket-ss/s5428-ed1_1.jpg?_ex=330x330
373.331292,DIVINER_real_far_embroidery_wool_Melton_coat_peacoat,http://global.rakuten.com/en/store/ever-green/item/10318/,http://thumbnail.image.rakuten.co.jp/@0_mall/ever-green/cabinet/145/14540_01.jpg?_ex=330x330
375.708667,DIVINER_real_far_embroidery_wool_Melton_coat_peacoat,http://global.rakuten.com/en/store/ever-green/item/10318/,http://thumbnail.image.rakuten.co.jp/@0_mall/ever-green/cabinet/145/14540_01.jpg?_ex=330x330
377.919208,United_Kingdom_lightweight_silk_blend_jacket_Blazer,http://global.rakuten.com/en/store/kodawari-studio/item/s5428-ed3hor/,http://thumbnail.image.rakuten.co.jp/@0_gold/kodawari-studio/jacket-ss/s5428-ed1_1.jpg?_ex=330x330
382.548833, , , 
384.217167,United_Kingdom_lightweight_silk_blend_jacket_Blazer,http://global.rakuten.com/en/store/kodawari-studio/item/s5428-ed3hor/,http://thumbnail.image.rakuten.co.jp/@0_gold/kodawari-studio/jacket-ss/s5428-ed1_1.jpg?_ex=330x330
393.643250,DIVINER_real_far_embroidery_wool_Melton_coat_peacoat,http://global.rakuten.com/en/store/ever-green/item/10318/,http://thumbnail.image.rakuten.co.jp/@0_mall/ever-green/cabinet/145/14540_01.jpg?_ex=330x330
396.562833,DIVINER_real_far_embroidery_wool_Melton_coat_peacoat,http://global.rakuten.com/en/store/ever-green/item/10318/,http://thumbnail.image.rakuten.co.jp/@0_mall/ever-green/cabinet/145/14540_01.jpg?_ex=330x330
398.606542,Army_beret_Hat_wool,http://global.rakuten.com/en/store/auc-elehelm-hatstore/item/wu400-065/?s-id=borderless_browsehist_en,http://thumbnail.image.rakuten.co.jp/@0_mall/auc-elehelm-hatstore/cabinet/md/wu400-065_m2.jpg?_ex=330x330
401.317583,Skinny_jeans_Vintage_Selvage_US_Cotton_Denim_JB0201,http://global.rakuten.com/en/store/earthmarket/item/jb0201/,http://thumbnail.image.rakuten.co.jp/@0_mall/earthmarket/cabinet/00326680/2013/0201-top.jpg?_ex=330x330
406.447708,DIVINER_real_far_embroidery_wool_Melton_coat_peacoat,http://global.rakuten.com/en/store/ever-green/item/10318/,http://thumbnail.image.rakuten.co.jp/@0_mall/ever-green/cabinet/145/14540_01.jpg?_ex=330x330
408.699958,Marin_Kazi_loose_silhouette_Dolman_sleeve_knit,http://global.rakuten.com/en/store/koeistore/item/y404/,http://thumbnail.image.rakuten.co.jp/@0_mall/koeistore/cabinet/y10/y404.jpg?_ex=330x330
409.992917,Army_beret_Hat_wool,http://global.rakuten.com/en/store/auc-elehelm-hatstore/item/wu400-065/?s-id=borderless_browsehist_en,http://thumbnail.image.rakuten.co.jp/@0_mall/auc-elehelm-hatstore/cabinet/md/wu400-065_m2.jpg?_ex=330x330
416.624542,DIVINER_real_far_embroidery_wool_Melton_coat_peacoat,http://global.rakuten.com/en/store/ever-green/item/10318/,http://thumbnail.image.rakuten.co.jp/@0_mall/ever-green/cabinet/145/14540_01.jpg?_ex=330x330
421.212458,DIVINER_real_far_embroidery_wool_Melton_coat_peacoat,http://global.rakuten.com/en/store/ever-green/item/10318/,http://thumbnail.image.rakuten.co.jp/@0_mall/ever-green/cabinet/145/14540_01.jpg?_ex=330x330
427.135042,Army_beret_Hat_wool,http://global.rakuten.com/en/store/auc-elehelm-hatstore/item/wu400-065/?s-id=borderless_browsehist_en,http://thumbnail.image.rakuten.co.jp/@0_mall/auc-elehelm-hatstore/cabinet/md/wu400-065_m2.jpg?_ex=330x330
428.052625,DIVINER_real_far_embroidery_wool_Melton_coat_peacoat,http://global.rakuten.com/en/store/ever-green/item/10318/,http://thumbnail.image.rakuten.co.jp/@0_mall/ever-green/cabinet/145/14540_01.jpg?_ex=330x330
429.137042,Army_beret_Hat_wool,http://global.rakuten.com/en/store/auc-elehelm-hatstore/item/wu400-065/?s-id=borderless_browsehist_en,http://thumbnail.image.rakuten.co.jp/@0_mall/auc-elehelm-hatstore/cabinet/md/wu400-065_m2.jpg?_ex=330x330
430.555125,DIVINER_real_far_embroidery_wool_Melton_coat_peacoat,http://global.rakuten.com/en/store/ever-green/item/10318/,http://thumbnail.image.rakuten.co.jp/@0_mall/ever-green/cabinet/145/14540_01.jpg?_ex=330x330
431.973208,Army_beret_Hat_wool,http://global.rakuten.com/en/store/auc-elehelm-hatstore/item/wu400-065/?s-id=borderless_browsehist_en,http://thumbnail.image.rakuten.co.jp/@0_mall/auc-elehelm-hatstore/cabinet/md/wu400-065_m2.jpg?_ex=330x330
432.557125,DIVINER_real_far_embroidery_wool_Melton_coat_peacoat,http://global.rakuten.com/en/store/ever-green/item/10318/,http://thumbnail.image.rakuten.co.jp/@0_mall/ever-green/cabinet/145/14540_01.jpg?_ex=330x330
434.100333,Mens_Sleek_Vented_Leather_Jacket,http://www.rakuten.com/prod/287706138.html,http://img1.r10.io/PIC/98027778/0/1/450/98027778.jpg
435.560125,Blazers,http://global.rakuten.com/en/store/fukusumi/item/british-jacket01/,http://thumbnail.image.rakuten.co.jp/@0_mall/fukusumi/cabinet/fukusumi/fukusumi2/asdfaefaefeafa.jpg?_ex=330x330
436.352583,Tasmania_Wool_Super120,http://global.rakuten.com/en/store/suits/item/36123-15/,http://thumbnail.image.rakuten.co.jp/@0_mall/suits/cabinet/04172160/04275444/imgrc0066196879.gif?_ex=330x330
438.271167,Army_beret_Hat_wool,http://global.rakuten.com/en/store/auc-elehelm-hatstore/item/wu400-065/?s-id=borderless_browsehist_en,http://thumbnail.image.rakuten.co.jp/@0_mall/auc-elehelm-hatstore/cabinet/md/wu400-065_m2.jpg?_ex=330x330
439.230458,Army_beret_Hat_wool,http://global.rakuten.com/en/store/auc-elehelm-hatstore/item/wu400-065/?s-id=borderless_browsehist_en,http://thumbnail.image.rakuten.co.jp/@0_mall/auc-elehelm-hatstore/cabinet/md/wu400-065_m2.jpg?_ex=330x330
440.189750, , , 
440.898792,Tasmania_Wool_Super120,http://global.rakuten.com/en/store/suits/item/36123-15/,http://thumbnail.image.rakuten.co.jp/@0_mall/suits/cabinet/04172160/04275444/imgrc0066196879.gif?_ex=330x330
441.649542,United_Kingdom_lightweight_silk_blend_jacket_Blazer,http://global.rakuten.com/en/store/kodawari-studio/item/s5428-ed3hor/,http://thumbnail.image.rakuten.co.jp/@0_gold/kodawari-studio/jacket-ss/s5428-ed1_1.jpg?_ex=330x330
442.608833,Two-button_jacket_SUPER_SLIM_FIT,http://global.rakuten.com/en/store/mb/item/-x-mmja00170-9000-x-/,http://thumbnail.image.rakuten.co.jp/@0_mall/mb/cabinet/img83/mmja00170-90000l.jpg?_ex=330x330
443.818375,DIVINER_real_far_embroidery_wool_Melton_coat_peacoat,http://global.rakuten.com/en/store/ever-green/item/10318/,http://thumbnail.image.rakuten.co.jp/@0_mall/ever-green/cabinet/145/14540_01.jpg?_ex=330x330
445.319875,DIVINER_real_far_embroidery_wool_Melton_coat_peacoat,http://global.rakuten.com/en/store/ever-green/item/10318/,http://thumbnail.image.rakuten.co.jp/@0_mall/ever-green/cabinet/145/14540_01.jpg?_ex=330x330
446.737958,zeroUV_Optical_Quality_Horned_Rim_Clear_Lens,http://www.rakuten.com/prod/233523533.html,http://img1.r10.io/PIC/7442231/0/1/450/7442231.jpg
448.990208,Mens_Sleek_Vented_Leather_Jacket,http://www.rakuten.com/prod/287706138.html,http://img1.r10.io/PIC/98027778/0/1/450/98027778.jpg
450.616833,DIVINER_real_far_embroidery_wool_Melton_coat_peacoat,http://global.rakuten.com/en/store/ever-green/item/10318/,http://thumbnail.image.rakuten.co.jp/@0_mall/ever-green/cabinet/145/14540_01.jpg?_ex=330x330
452.577125,DAKS_Dax_beretscrocshe_Hat,http://global.rakuten.com/en/store/auc-elehelm-hatstore/item/d8874-023/?s-id=borderless_browsehist_en,http://thumbnail.image.rakuten.co.jp/@0_mall/auc-elehelm-hatstore/cabinet/item/39/d8874-023_1.jpg?_ex=330x330
454.370583,Mens_Sleek_Vented_Leather_Jacket,http://www.rakuten.com/prod/287706138.html,http://img1.r10.io/PIC/98027778/0/1/450/98027778.jpg
456.831375,Army_beret_Hat_wool,http://global.rakuten.com/en/store/auc-elehelm-hatstore/item/wu400-065/?s-id=borderless_browsehist_en,http://thumbnail.image.rakuten.co.jp/@0_mall/auc-elehelm-hatstore/cabinet/md/wu400-065_m2.jpg?_ex=330x330
469.343875,Army_beret_Hat_wool,http://global.rakuten.com/en/store/auc-elehelm-hatstore/item/wu400-065/?s-id=borderless_browsehist_en,http://thumbnail.image.rakuten.co.jp/@0_mall/auc-elehelm-hatstore/cabinet/md/wu400-065_m2.jpg?_ex=330x330
474.724250,Mexican_Fire_Opal_Earrings,http://www.rakuten.com/prod/259756667.html,http://img1.r10.io/PIC/64697419/0/1/450/64697419.jpg
476.726250,Tasmania_Wool_Super120,http://global.rakuten.com/en/store/suits/item/36123-15/,http://thumbnail.image.rakuten.co.jp/@0_mall/suits/cabinet/04172160/04275444/imgrc0066196879.gif?_ex=330x330
479.687542,Berets_fall_winter_and_fluffy_Angola,http://global.rakuten.com/en/store/auc-elehelm-hatstore/item/af-10808-023/?s-id=borderless_browsehist_en,http://thumbnail.image.rakuten.co.jp/@0_mall/auc-elehelm-hatstore/cabinet/item/38/af-10808-023_3.jpg?_ex=50x50
490.198042,zeroUV_Optical_Quality_Horned_Rim_Clear_Lens,http://www.rakuten.com/prod/233523533.html,http://img1.r10.io/PIC/7442231/0/1/450/7442231.jpg
500.708542,Berets_fall_winter_and_fluffy_Angola,http://global.rakuten.com/en/store/auc-elehelm-hatstore/item/af-10808-023/?s-id=borderless_browsehist_en,http://thumbnail.image.rakuten.co.jp/@0_mall/auc-elehelm-hatstore/cabinet/item/38/af-10808-023_3.jpg?_ex=50x50
509.717542,Berets_fall_winter_and_fluffy_Angola,http://global.rakuten.com/en/store/auc-elehelm-hatstore/item/af-10808-023/?s-id=borderless_browsehist_en,http://thumbnail.image.rakuten.co.jp/@0_mall/auc-elehelm-hatstore/cabinet/item/38/af-10808-023_3.jpg?_ex=50x50
517.308458,Berets_fall_winter_and_fluffy_Angola,http://global.rakuten.com/en/store/auc-elehelm-hatstore/item/af-10808-023/?s-id=borderless_browsehist_en,http://thumbnail.image.rakuten.co.jp/@0_mall/auc-elehelm-hatstore/cabinet/item/38/af-10808-023_3.jpg?_ex=50x50
521.812958,Berets_fall_winter_and_fluffy_Angola,http://global.rakuten.com/en/store/auc-elehelm-hatstore/item/af-10808-023/?s-id=borderless_browsehist_en,http://thumbnail.image.rakuten.co.jp/@0_mall/auc-elehelm-hatstore/cabinet/item/38/af-10808-023_3.jpg?_ex=50x50
524.815958,Slacks_notch_slim_men_washable_straight_business_shadow_stripe,http://global.rakuten.com/en/store/otoku-shop/item/r-azsl-18/,http://thumbnail.image.rakuten.co.jp/@0_mall/otoku-shop/cabinet/bottoms/imgrc0065352844.jpg?_ex=330x330
527.985792,United_Kingdom_lightweight_silk_blend_jacket_Blazer,http://global.rakuten.com/en/store/kodawari-studio/item/s5428-ed3hor/,http://thumbnail.image.rakuten.co.jp/@0_gold/kodawari-studio/jacket-ss/s5428-ed1_1.jpg?_ex=330x330
532.740542,United_Kingdom_lightweight_silk_blend_jacket_Blazer,http://global.rakuten.com/en/store/kodawari-studio/item/s5428-ed3hor/,http://thumbnail.image.rakuten.co.jp/@0_gold/kodawari-studio/jacket-ss/s5428-ed1_1.jpg?_ex=330x330
535.826958,Slacks_notch_slim_men_washable_straight_business_shadow_stripe,http://global.rakuten.com/en/store/otoku-shop/item/r-azsl-18/,http://thumbnail.image.rakuten.co.jp/@0_mall/otoku-shop/cabinet/bottoms/imgrc0065352844.jpg?_ex=330x330
538.996792,Berets_fall_winter_and_fluffy_Angola,http://global.rakuten.com/en/store/auc-elehelm-hatstore/item/af-10808-023/?s-id=borderless_browsehist_en,http://thumbnail.image.rakuten.co.jp/@0_mall/auc-elehelm-hatstore/cabinet/item/38/af-10808-023_3.jpg?_ex=50x50
543.501292,zeroUV_Optical_Quality_Horned_Rim_Clear_Lens,http://www.rakuten.com/prod/233523533.html,http://img1.r10.io/PIC/7442231/0/1/450/7442231.jpg
